Tracking for reliability and logistics - see the Data Manifest for collection metadata,,,,,,,,,
ray 2026-05-01 - 80min = 52% battery consumed; ~2:30 for a full charge,,,,,,,,,
"indoor: an relatively contained indoor area, e.g., a single floor in a building",,,,stairs: an indoor trace consisting primarily of stairwells,,,campus: a long trace including areas in several different buildings,,
room: a trace contained within a single room,,,,"park: data collection in a park (e.g., frick, schenley)",,,outdoor: data collection outdoors (but not in a park),,
,,,,,,,,,
date,user,location,type,movement,duration (min),collection,processing,notes,
2026.04.26,ray,"cic.l, cic.ll",indoor,forward,6,pass,minor issue,,event cameras not properly synchronized
,ray,"cic.l, cic.ll",indoor,lateral,6,pass,minor issue,,event cameras not properly synchronized
,ray,"cic.l, cic.ll",indoor,backward,6,pass,minor issue,,event cameras not properly synchronized
2026.04.27,tianshu,cic.2,indoor,forward,10,fail,-,"both event cameras, thermal_right dropped out after 1 min",
,tianshu,cic.2,indoor,lateral,10,fail,-,did not identify previous failure before recording.,
,tianshu,cic.2,indoor,lateral,10,fail,-,"both event cameras, thermal_right dropped out after ~10 min",
,tianshu,cic.2,indoor,forward,10,pass,minor issue,,event cameras not properly synchronized
,tianshu,cic.2,indoor,lateral,10,pass,minor issue,,event cameras not properly synchronized
,tianshu,cic.2,indoor,backward,10,pass,minor issue,there were some issues with trigger detection on the zed; I replaced the actual data rate with the nominal 30.0hz rate in as_ticks to fix this,event cameras not properly synchronized
,tianshu,cic.4,indoor,forward,15,fail,-,event_right dropped out after 1 min,
,tianshu,cic.garage,indoor,forward,,fail,-,"both event cameras, thermal_right dropped out",
,tianshu,cic.garage,indoor,lateral,15,fail,-,entire USB hub dropped out after 60s,
,tianshu,cic.stairs,indoor,forward,3,fail,minor issue,almost all radar frames contain dropped packets,event cameras not properly synchronized
2026.04.28,tianshu,cic.stairs,stairs,forward,5,pass,minor issue,"some glitches on initialization after I climbed some stairs, but went away after re-init. Actual collection (climbing up and down stairs) had no errors.",event cameras not properly synchronized
,ray,cic.garage,indoor,forward,7,fail,-,"both event cameras, thermal_right dropped out after 7 minutes. Thermal_right is in USB 2 mode.",
,ray,(lab test),indoor,-,5,fail,-,"both event cameras, thermal_right dropped out after 5 minutes. Thermal_right is in USB 2 mode. Movement is shaking while pointing at LED lights.",
,nicholas,cic.garage,indoor,forward,15,pass,minor issue,"zed has many dropped frames: 89, 68, 19 are biggest chunks. Time sync might not resume accurately after these jumps.",
2026.04.30,jihwan,cic.garage,indoor,forward,16,pass,minor issue,"zed has many dropped frames, up to 59 frames",high event camera drop rate
,parv,cic.garage,indoor,-,2,fail,-,USB C cable is loose on the sensor head,
,tianshu,wean.4,indoor,forward,10,pass,pass,,high event camera drop rate
,tianshu,wean.4,indoor,lateral,10,recovered,pass,"Zed dropped out after ~30 seconds. Re-initialized drivers, restarted recording, and the error cleared.",high event camera drop rate
,tianshu,wean.4,indoor,backward,10,pass,pass,,high event camera drop rate
,parv,"nsh.3, nsh.4",indoor,forward,10,fail,-,disk disconnected physically,
,parv,nsh.2,indoor,forward,3,pass,pass,,high event camera drop rate
,parv,nsh.2,indoor,backward,3,pass,pass,,high event camera drop rate
,parv,"nsh.3, nsh.4",indoor,backward,11,pass,pass,,high event camera drop rate
2026.05.01,tianshu,wean.3,indoor,forward,9,pass,pass,,
,tianshu,wean.2,indoor,forward,3,pass,pass,,
,tianshu,wean.stairs,stairs,forward,4,pass,pass,,
,tianshu,wean.5,indoor,forward,6,pass,pass,,
,tianshu,wean.6,indoor,forward,8,pass,pass,,
,tianshu,wean.7500,room,forward,3,pass,minor issue,30% dropped triggers on event_right,
,tianshu,wean.7,indoor,forward,8,pass,pass,,
,tianshu,wean.8,indoor,forward,5,pass,pass,,
,ray,nsh.2,indoor,forward,5,pass,pass,,
,ray,nsh.2,indoor,lateral,5,pass,pass,,
,ray,nsh.2,indoor,backward,5,pass,pass,,
,ray,"nsh.1, nsh.highbay",indoor,forward,6,pass,pass,,
,ray,"nsh.1, nsh.highbay",indoor,lateral,6,pass,pass,,
,ray,"nsh.1, nsh.highbay",indoor,backward,6,pass,pass,,
,ray,nsh.a,indoor,forward,2,pass,pass,,
,ray,nsh.a,indoor,lateral,2,pass,pass,,
,ray,nsh.a,indoor,backward,2,pass,pass,,
,ray,nsh.b,indoor,forward,0,fail,-,"Phone wifi issue, restart phone wifi solve the problem.",
,parv,"ghc3-9, nsh3-4",campus,forward,61,pass,pass,,
2026.05.02,tianshu,"scott, hammerschlag, roberts",campus,forward,36,pass,pass,,
,tianshu,"scott, hammerschlag, roberts, wean, nsh, ghc",campus,forward,30,pass,pass,,
,tianshu,(balcony gps testing),outdoor,-,0,fail,-,Teardown can cause radar to become unresponsive without power cycle: https://radarml.github.io/xwr/system/#xwr.XWRSystem.stop,
2026.05.03,tianshu,forbes.marathon,outdoor,forward,43,pass,minor issue,36% dropped triggers on event_right,
,ray,frick.north,park,forward,0,fail,,"unknown issues with event cameras, RTK GPS bringup",
,ray,frick.north,park,forward,28,pass,minor issue,53% dropped triggers on event_right,
,nicholas,frick.north,park,forward,35,pass,minor issue,"63% dropped triggers on event_right, 35% on event_left",
,tianshu,frick.north,park,forward,10,fail,,lidar IMU failed; gave a warning which was interpreted as a fatal error,
,tianshu,frick.north,park,forward,20,pass,minor issue,56% dropped triggers on event_right,
,ray,frick.north,park,forward,31,pass,minor issue,58% dropped triggers on event_right,
2026.05.04,ray,cmu.nsh-cic,outdoor,forward,3,pass,minor issue,,could not get GPS fix
,ray,nsh.b,indoor,forward,2,pass,pass,,
,ray,nsh.b,indoor,lateral,2,pass,pass,,
,ray,nsh.b,indoor,backward,2,pass,pass,,
,tianshu,cmu.night,outdoor,mixed,10,pass,minor issue,observed some deer grazing on campus,could not get GPS fix
,tianshu,cmu.night,outdoor,forward,28,pass,minor issue,,could not get GPS fix
2026.05.06,ray,hamburg.1,indoor,forward,5,pass,pass,,
,ray,hamburg.1,indoor,lateral,5,pass,pass,,
,ray,hamburg.1,indoor,backward,5,pass,pass,,
,ray,hamburg.2,indoor,forward,5,pass,pass,,
,ray,hamburg.2,indoor,lateral,5,pass,pass,,
,ray,hamburg.2,indoor,backward,5,pass,pass,,
,ray,hamburg.3-4,indoor,forward,6,pass,pass,,
,ray,hamburg.3-4,indoor,lateral,6,pass,pass,,
,ray,hamburg.3-4,indoor,backward,6,pass,pass,,
2026.05.07,ray,flagstaff,outdoor,forward,10,pass,minor issue,dropped event triggers,cout not get GPS fix
,nicholas,cmu.day,outdoor,forward,5,pass,pass,,
,nicholas,cmu.day,outdoor,forward,15,pass,minor issue,dropped event triggers,
2026.05.08,tianshu,cic.garage,indoor,lateral,-,fail,-,IMU and one event driver did not initialize properly. Came up after tear-down & re-initialize,
,tianshu,cic.garage,indoor,lateral,15,pass,pass,,
,tianshu,cic.garage,indoor,backward,12,pass,pass,,
,jihwan,tepper,indoor,forward,40,pass,pass,,
2026.05.10,jihwan,hunt.1,indoor,forward,6,pass,pass,,
,jihwan,hunt.2,indoor,forward,5,pass,pass,,
,jihwan,hunt.3,indoor,forward,6,pass,pass,,
,jihwan,hunt.4,indoor,forward,5,pass,pass,,
2026.05.11,bill ,"wean.4,nsh.bridge",indoor,lateral,6,pass,pass,,
,ayaan,"wean.4,nsh.bridge",indoor,backward,5,pass,pass,,
2026.05.14,jihwan,ghc.3,indoor,forward,6,pass,pass,,
,jihwan,ghc.3,indoor,lateral,6,pass,pass,,
,jihwan,ghc.3-4,indoor,forward,15,pass,pass,,
,jihwan,ghc.5-6,indoor,forward,18,pass,pass,,
2026.05.15,ray,wean.2,indoor,lateral,3,pass,pass,,
,ray,wean.2,indoor,backward,3,pass,pass,,
,ray,wean.3,indoor,lateral,6,pass,pass,,
,ray,wean.3,indoor,backward,6,pass,pass,,
,ray,wean.7,indoor,lateral,6,pass,pass,,
,ray,wean.7,indoor,backward,6,pass,pass,,
,ray,wean.8,indoor,lateral,6,pass,pass,,
,ray,wean.8,indoor,backward,6,pass,pass,,
,jihwan,cfa.1-3,indoor,forward,10,pass,pass,,
,jihwan,cfa.1-3,indoor,lateral,10,pass,pass,,
,jihwan,cfa.1-4,indoor,backward,10,pass,pass,,
2026.05.18,jihwan,ghc.3-4,indoor,lateral,9,pass,pass,,
,jihwan,ghc.3-4,indoor,backward,10,pass,pass,,
,jihwan,ghc.5-6,indoor,lateral,12,pass,pass,,
,jihwan,ghc.5-6,indoor,backward,12,pass,pass,,
,jihwan,ghc.6-7,indoor,forward,13,pass,pass,,
2026.05.19,ayaan,scaife.B,indoor,forward,2,pass,pass,,
,ayaan,scaife.B,indoor,backward,2,pass,pass,,
,ayaan,scaife.B,indoor,lateral,2,pass,pass,,
,ayaan,scaife.A,indoor,forward,2,pass,pass,,
,ayaan,scaife.A,indoor,backward,2,pass,pass,,
,ayaan,scaife.A,indoor,lateral,2,pass,pass,,
,ayaan,scaife.1,indoor,forward,5,pass,major issue,tsx-evtr.out  WARNING  sync          tick span mismatch between trigger sync.py:350,
,ayaan,scaife.1,indoor,backward,5,pass,major issue,"tsx-evtr.out  WARNING  sync          sequence count mismatch: 1 in t, 2 sync.py:309",
,ayaan,scaife.1,indoor,lateral,5,pass,major issue,"tsx-evtr.out  WARNING  sync          sequence count mismatch: 1 in t, 2 sync.py:309",
,bill ,scaife.2,indoor,forward,3.5,pass,pass,,
,bill ,scaife.2,indoor,backward,3.5,pass,major issue,tsx-evtr.out  WARNING  sync          tick span mismatch between trigger sync.py:350,
,bill ,scaife.2,indoor,lateral,3.5,pass,pass,,
,bill ,scaife.3,indoor,forward,1.5,pass,pass,,
,bill ,scaife.3,indoor,backward,1.5,pass,pass,,
,bill ,scaife.3,indoor,lateral,1.5,pass,pass,,
,bill ,scaife.4,indoor,forward,1,pass,pass,,
,bill ,scaife.4,indoor,backward,1,pass,pass,,
,bill ,scaife.4,indoor,lateral,1,pass,major issue," tsx-evtr.out  WARNING  sync          sequence count mismatch: 1 in t, 2 sync.py:309",
,ray,wean.6,indoor,lateral,6,pass,pass,,
,ray,wean.6,indoor,backward,6,pass,pass,,
,ray,wean.5,indoor,lateral,6,pass,major issue,tsx-evtr.out  WARNING  sync          tick span mismatch between trigger sync.py:350,
,ray,wean.5,indoor,backward,6,pass,pass,,
,jihwan,ghc.6-7,indoor,lateral,15,pass,major issue,"tsx-evtl.out  WARNING  sync          tick span mismatch between trigger,  tsx-evtr.out  WARNING  sync          tick span mismatch between trigger",
,jihwan,ghc.6-7,indoor,backward,12,pass,pass,,
,jihwan,ghc.8,indoor,forward,7,pass,pass,,
2026.05.20,wasmir,porter.a-1,indoor,lateral,6,pass,pass,,
,stephanie,porter.a-1,indoor,backward,6,pass,pass,,
,ayaan,porter.a-2,indoor,forward,6,pass,major issue,tsx-evtr.out  WARNING  sync          tick span mismatch between trigger,
,mayuri,,bootup,,,fail,-,loose power cable,
,nicholas,smith-hall/courtyard,campus,forward,4,pass,pass,,
2026.05.21,stephanie,doherty.a,indoor,forward,5,fail,-,radar (DCA1000EVM) drop frames,
,stephanie,doherty.a,indoor,forward,5,pass,pass,,
,stephanie,doherty.a,indoor,lateral,5,pass,major issue,event right dropped,
,stephanie,doherty.a,indoor,backward,5,fail,-,radar (DCA1000EVM) drop frames,
,stephanie,doherty.a,indoor,backward,5,pass,major issue,"event left & right dropped, rgb sequence count mismatch",
,ray,thecut,outdoor,forward,10,pass,pass,,
2026.05.22,bill ,cuc.a,indoor,forward,11,pass,pass,,
,bill ,cuc.a,indoor,lateral,10,pass,pass,,
2026.05.23,ayaan,scaife.1-stairs,indoor,forward,7,pass,major issue,event left right drop. ,not critical: a team of researchers testing an exoskeleton walking around stairs and first floor
,ayaan,scaife.1-stairs,indoor,lateral,7,pass,major issue,event left right drop,
,ayaan,scaife.1-stairs-4,indoor,backward,8,pass,major issue,event right drop. ,"not critical: was supposed to do 4th floor lateral, because bill's run had a major issue, but accidentally did backward instead"
,nicholas,tcs.1-2,indoor,forward,3,pass,pass,,
,nicholas,tcs.1-2,indoor,forward,4,pass,pass,,
,nicholas,tcs.1-2,indoor,backward,4,pass,pass,,
,nicholas,tcs.1-2,indoor,lateral,1,fail,,"discard, wrong path",
,nicholas,tcs.1-2,indoor,lateral,4,pass,pass,,
,nicholas,tcs.3-4,indoor,mixed,1,fail,,"discard, wrong path",
,nicholas,tcs.3-4,indoor,forward,5,pass,pass,,
,nicholas,tcs.3-4,indoor,backward,5,pass,pass,,
,nicholas,tcs.3-4,indoor,lateral,1,fail,,"discard, wrong path",
,nicholas,tcs.3-4,indoor,lateral,1,fail,,"discard, wrong path",
,nicholas,tcs.3-4,indoor,lateral,5,pass,pass,,
2026.05.24,ray,campus.east,outdoor,forward,18,pass,major issue,,
,nicholas,cut.cfa,outdoor,forward,14,fail,major issue,"no gps, event multithread: event left drop, event right drop",