"This sheet is automatically generated; do not edit manually. Use tstk metadata to export a CSV of the recorded traces. copy+paste into this spreadsheet, then use the ""split text to columns"" option in the paste icon. ",,,,,,,,,,,,,,
,,,,,,,,,,,,,,
,,,,,,,,,,,,,,
total,21:10:12,,quality check,odom check,trace,user,location,type,motion,duration,notes,errata,,
jihwan,5:21:18,,v,,2026-04-26-14-07-07,ray,"cic.l, cic.ll",indoor,forward,376.05,,event cameras not synchronized with each other,sensor dust on thermal_right,
tianshu,5:07:28,,v,,2026-04-26-14-54-46,ray,"cic.l, cic.ll",indoor,lateral,383.2,,event cameras not synchronized with each other,sensor dust on thermal_right,
ray,4:31:36,,v,,2026-04-26-15-04-11,ray,"cic.l, cic.ll",indoor,backward,397.93,,event cameras not synchronized with each other,sensor dust on thermal_right,
nicholas,1:41:35,,v,,2026-04-27-11-46-58,tianshu,cic.2,indoor,forward,572.51,,event cameras not synchronized with each other,sensor dust on thermal_right,
bill,1:31:04,,v,,2026-04-27-11-58-57,tianshu,cic.2,indoor,lateral,622.07,,event cameras not synchronized with each other,sensor dust on thermal_right,
parv,1:17:42,,v,,2026-04-27-12-11-59,tianshu,cic.2,indoor,backward,576.23,,event cameras not synchronized with each other,sensor dust on thermal_right,
ayaan,0:54:09,,v,,2026-04-28-10-47-39,tianshu,cic.stairs,stairs,forward,314,"""vertical loop"" walking up one stairwell and down another stairwell",event cameras not synchronized with each other,sensor dust on thermal_right,
wasmir,0:24:55,,v,,2026-04-28-18-51-09,nicholas,cic.garage,indoor,forward,918.49,,large camera frame drops,sensor dust on thermal_right,
stephanie,0:20:25,,v,,2026-04-30-15-18-27,jihwan,cic.garage,indoor,forward,881.93,,large camera frame drops,,
,,,v,,2026-04-30-17-30-11,tianshu,wean.4,indoor,forward,699.77,,,,
,,,v,,2026-04-30-17-45-17,tianshu,wean.4,indoor,lateral,587.86,,,,
,,,v,,2026-04-30-17-58-37,tianshu,wean.4,indoor,backward,615.26,,,,
,,,v,,2026-04-30-20-13-30,parv,nsh.2,indoor,forward,113.34,,,,
,,,v,,2026-04-30-20-19-26,parv,nsh.2,indoor,backward,191.3,,,,
,,,v,,2026-04-30-20-25-41,parv,nsh.3-4,indoor,backward,684.87,,,,
,,,v,,2026-05-01-11-22-58,tianshu,wean.3,indoor,forward,539.93,,,,
,,,v,,2026-05-01-11-33-17,tianshu,wean.2,indoor,forward,166.47,,,,
,,,v,,2026-05-01-11-37-41,tianshu,wean.stairs,stairs,forward,267.66,,,,
,,,v,,2026-05-01-11-44-13,tianshu,wean.5,indoor,forward,366.97,,,,
,,,v,,2026-05-01-11-51-52,tianshu,wean.6,indoor,forward,446.56,,,,
,,,v,,2026-05-01-12-01-45,tianshu,wean.7500,room,forward,188.13,walking in different patterns around the wean 7500 lecture hall,high event camera trigger drop rate,,
,,,v,,2026-05-01-12-05-43,tianshu,wean.7,indoor,forward,455.24,,high event camera trigger drop rate,,
forward,11:37:09,,v,,2026-05-01-12-14-41,tianshu,wean.8,indoor,forward,287.91,,high event camera trigger drop rate,,
lateral,3:30:01,,v,,2026-05-01-12-45-43,ray,nsh.2,indoor,forward,295.8,,high event camera trigger drop rate,,
backward,3:11:10,,v,,2026-05-01-12-51-56,ray,nsh.2,indoor,lateral,307.16,,high event camera trigger drop rate,,
mixed,0:09:50,,v,,2026-05-01-12-59-40,ray,nsh.2,indoor,backward,290.58,,high event camera trigger drop rate,,
,,,v,,2026-05-01-13-10-00,ray,"nsh.1, nsh.highbay",indoor,forward,326.59,,,,
,,,v,,2026-05-01-13-16-27,ray,"nsh.1, nsh.highbay",indoor,lateral,332.9,,,,
,,,v,,2026-05-01-13-24-26,ray,"nsh.1, nsh.highbay",indoor,backward,319.73,,,,
,,,v,,2026-05-01-13-38-20,ray,nsh.a,indoor,forward,141.4,,,,
indoor,13:27:18,,v,,2026-05-01-13-42-02,ray,nsh.b,indoor,lateral,140.57,,,,
outdoor,2:07:15,,v,,2026-05-01-13-45-12,ray,nsh.a,indoor,backward,145.27,,,,
campus,2:06:56,,v,,2026-05-01-15-55-28,parv,"ghc.3-9, nsh.3-4",campus,forward,3672.81,,,,
park,1:55:29,,v,,2026-05-02-14-17-41,tianshu,"scott, hammerschlag, roberts",campus,forward,2150.73,weekend recording; can come back during the weekday ,high event camera trigger drop rate,,
night,0:49:22,,v,,2026-05-02-14-57-04,tianshu,"roberts, hammerschlag, scott, wean, nsh, ghc",campus,forward,1792.04,weekend recording; can come back during the weekday ,high event camera trigger drop rate,,
mixed,0:31:02,,v,,2026-05-03-09-24-38,tianshu,forbes.marathon,outdoor,forward,2567.78,,high event camera trigger drop rate,,
stairs,0:09:42,,v,,2026-05-03-15-05-56,ray,frick.north,park,forward,1725.74,,high event camera trigger drop rate,event_right data rate is substantially lower than event_left,
room,0:03:08,,v,,2026-05-03-15-38-58,nicholas,frick.north,park,forward,2112.46,,high event camera trigger drop rate,event_right data rate is substantially lower than event_left,
,,,v,,2026-05-03-16-45-15,tianshu,frick.north,park,forward,1230.51,,high event camera trigger drop rate,event_right data rate is substantially lower than event_left,
,,,v,,2026-05-03-17-10-10,ray,frick.north,park,forward,1860.32,gps drop in the valley,high event camera trigger drop rate,event_right data rate is substantially lower than event_left,
,,,v,,2026-05-04-19-33-41,ray,cmu.nsh-cic,outdoor,forward,220.5,,,,
,,,v,,2026-05-04-19-41-11,ray,nsh.b,indoor,forward,112.86,,no GPS fix,,
,,,v,,2026-05-04-19-44-27,ray,nsh.b,indoor,lateral,86.37,,,,
,,,v,,2026-05-04-19-47-16,ray,nsh.b,indoor,backward,84.7,,,,
,,,v,,2026-05-04-21-24-35,tianshu,cmu,night,mixed,590.24,night time recording; observed some deer grazing on campus,no GPS fix,,
,,,v,,2026-05-04-21-35-06,tianshu,cmu,night,forward,1716.98,night time recording,no GPS fix,,
,,,v,,2026-05-06-17-18-17,ray,hamburg.1,indoor,forward,267.44,,,,
,,,v,,2026-05-06-17-24-57,ray,hamburg.1,indoor,lateral,271.76,,,,
,,,v,,2026-05-06-17-30-53,ray,hamburg.1,indoor,backward,275.03,,,,
,,,v,,2026-05-06-17-39-40,ray,hamburg.2,indoor,forward,293.87,,,,
,,,v,,2026-05-06-17-45-41,ray,hamburg.2,indoor,lateral,294.55,,,,
,,,v,,2026-05-06-17-52-13,ray,hamburg.2,indoor,backward,305.82,,,,
,,,v,,2026-05-06-17-59-50,ray,hamburg.3-4,indoor,forward,443.83,,,,
,,,v,,2026-05-06-18-09-13,ray,hamburg.3-4,indoor,lateral,442.48,,,,
,,,v,,2026-05-06-18-18-55,ray,hamburg.3-4,indoor,backward,450.56,,,,
,,,v,,2026-05-07-15-07-23,ray,flagstaff,outdoor,forward,669.04,,high event camera trigger drop rate,no GPS fix,
,,,v,,2026-05-07-16-58-16,nicholas,cmu.field,outdoor,forward,265.75,,,,
,,,v,,2026-05-07-17-04-57,nicholas,cmu.field_perimeter,outdoor,forward,884.09,,high event camera trigger drop rate,,
,,,v,,2026-05-08-14-37-40,tianshu,cic.garage,indoor,lateral,903.28,,,,
,,,v,,2026-05-08-14-54-01,tianshu,cic.garage,indoor,backward,789.65,,,,
,,,v,,2026-05-08-15-27-23,jihwan,tepper,indoor,forward,2493.52,,,,
,,,v,,2026-05-10-15-44-23,jihwan,hunt.1,indoor,forward,390.51,,,,
,,,v,,2026-05-10-15-55-38,jihwan,hunt.2,indoor,forward,333.03,,,,
,,,v,,2026-05-10-16-03-03,jihwan,hunt.3,indoor,forward,386.93,,,,
,,,v,,2026-05-10-16-11-25,jihwan,hunt.4,indoor,forward,309.35,,,,
,,,v,,2026-05-11-16-12-56,bill,"wean.4,nsh.bridge",indoor,lateral,431.84,,,,
,,,v,,2026-05-11-16-24-08,ayaan,"wean.4,nsh.bridge",indoor,backward,300.2,,,,
,,,v,,2026-05-14-16-05-35,jihwan,ghc.3,indoor,forward,228.53,,,,
,,,v,,2026-05-14-16-11-05,jihwan,ghc.3,indoor,lateral,195.66,,,,
,,,v,,2026-05-14-16-17-31,jihwan,ghc.3-4,indoor,forward,765.38,,,,
,,,v,,2026-05-14-16-33-51,jihwan,ghc.5-6,indoor,forward,1090.43,,,,
,,,v,,2026-05-15-15-42-28,ray,wean.3,indoor,lateral,386.28,,,,
,,,v,,2026-05-15-15-51-21,ray,wean.2,indoor,lateral,132.41,,,,
,,,v,,2026-05-15-15-54-38,ray,wean.2,indoor,backward,167.08,,,,
,,,v,,2026-05-15-16-00-56,ray,wean.3,indoor,backward,384.38,,,,
,,,v,,2026-05-15-16-11-32,ray,wean.8,indoor,lateral,216.17,,,,
,,,v,,2026-05-15-16-20-19,ray,wean.8,indoor,backward,233.38,,,,
,,,v,,2026-05-15-16-28-02,ray,wean.7,indoor,lateral,234.93,,,,
,,,v,,2026-05-15-16-32-56,ray,wean.7,indoor,backward,237.81,,,,
,,,v,,2026-05-15-18-28-03,jihwan,cfa1-3,indoor,forward,629.99,,,,
,,,v,,2026-05-15-18-40-11,jihwan,cfa1-3,indoor,lateral,629.93,,,,
,,,v,,2026-05-15-18-52-33,jihwan,cfa1-4,indoor,backward,612.86,,,,
,,,v,,2026-05-18-19-05-56,jihwan,ghc.3-4,indoor,lateral,550.46,,,,
,,,v,,2026-05-18-19-17-38,jihwan,ghc.3-4,indoor,backward,506.08,,,,
,,,v,,2026-05-18-19-33-18,jihwan,ghc.5-6,indoor,lateral,735.16,,,,
,,,v,,2026-05-18-19-48-02,jihwan,ghc.5-6,indoor,backward,681.29,,,,
,,,v,,2026-05-18-20-03-01,jihwan,ghc.6-7,indoor,forward,792.65,,,,
,,,v,,2026-05-19-09-34-04,bill,scaife.4,indoor,forward,85.07,,,,
,,,v,,2026-05-19-09-37-15,bill,scaife.4,indoor,lateral,78.21,,"tsx-evtr.out  WARNING  sync          sequence count mismatch: 1 in t, 2",,
,,,v,,2026-05-19-09-39-42,bill,scaife.4,indoor,backward,80,,,,
,,,v,,2026-05-19-09-43-34,bill,scaife.3,indoor,forward,96.54,,,,
,,,v,,2026-05-19-09-46-25,bill,scaife.3,indoor,lateral,91.67,,,,
,,,v,,2026-05-19-09-49-47,bill,scaife.3,indoor,backward,89.77,,,,
,,,v,,2026-05-19-09-53-56,bill,scaife.2,indoor,forward,190.3,,,,
,,,v,,2026-05-19-09-59-04,bill,scaife.2,indoor,lateral,201.23,,,,
,,,v,,2026-05-19-10-03-18,bill,scaife.2,indoor,backward,173.74,,tsx-evtr.out  WARNING  sync          tick span mismatch between trigger,,
,,,v,,2026-05-19-10-10-22,ayaan,scaife.1,indoor,forward,255.3,,tsx-evtr.out  WARNING  sync          tick span mismatch between trigger,,
,,,v,,2026-05-19-10-16-39,ayaan,scaife.1,indoor,lateral,281.3,,"tsx-evtr.out  WARNING  sync          sequence count mismatch: 1 in t, 2",,
,,,v,,2026-05-19-10-25-57,ayaan,scaife.1,indoor,backward,310.21,,"tsx-evtr.out  WARNING  sync          sequence count mismatch: 1 in t, 2",,
,,,v,,2026-05-19-10-39-15,ayaan,scaife.A,indoor,forward,104.11,,,,
,,,v,,2026-05-19-10-41-39,ayaan,scaife.A,indoor,lateral,107.33,,,,
,,,v,,2026-05-19-10-44-19,ayaan,scaife.A,indoor,backward,105.51,,,,
,,,v,,2026-05-19-10-48-40,ayaan,scaife.B,indoor,forward,100.31,,,,
,,,v,,2026-05-19-10-50-58,ayaan,scaife.B,indoor,lateral,104.2,,,,
,,,v,,2026-05-19-10-53-23,ayaan,scaife.B,indoor,backward,105.62,,,,
,,,v,,2026-05-19-18-17-06,ray,wean.6,indoor,lateral,318.66,,,,
,,,v,,2026-05-19-18-24-15,ray,wean.6,indoor,backward,316.18,,,,
,,,v,,2026-05-19-18-34-15,ray,wean.5,indoor,lateral,367.73,,tsx-evtr.out  WARNING  sync          tick span mismatch between trigger,,
,,,v,,2026-05-19-18-42-09,ray,wean.5,indoor,backward,369.4,,,,
,,,v,,2026-05-19-19-27-44,jihwan,ghc.6-7,indoor,lateral,813.18,,tsx-evtl.out  WARNING  sync          tick span mismatch between trigger,tsx-evtr.out  WARNING  sync          tick span mismatch between trigger,
,,,v,,2026-05-19-19-43-12,jihwan,ghc.6-7,indoor,backward,765.47,,,,
,,,v,,2026-05-19-20-01-12,jihwan,ghc.8,indoor,forward,437.43,,,,
,,,v,,2026-05-20-13-17-48,ayaan,porter.a-1,indoor,forward,348.76,,,,
,,,v,,2026-05-20-13-28-44,wasmir,porter.a-1,indoor,lateral,339.61,,,,
,,,v,,2026-05-20-13-36-17,stephanie,porter.a-1,indoor,backward,293.61,,tsx-evtr.out  WARNING  sync          tick span mismatch between trigger,,
,,,v,,2026-05-20-18-27-02,nicholas,smith hall/courtyard,mixed,forward,245.48,Did not start and stop data collection with sensor stationary,,,
,,,v,,2026-05-21-14-27-00,stephanie,doherty.a,indoor,forward,322.14,,,,
,,,v,,2026-05-21-14-33-36,stephanie,doherty.a,indoor,lateral,327.92,,tsx-evtr.out  WARNING  sync          tick span mismatch between trigger,,
,,,v,,2026-05-21-14-50-18,stephanie,doherty.a,indoor,backward,281.4,,tsx-evtl.out  WARNING  sync          tick span mismatch between trigger,tsx-evtr.out  WARNING  sync          tick span mismatch between trigger,"tsx-rgb.out   WARNING  sync          sequence count mismatch: 1 in t, 2"
,,,v,,2026-05-21-22-00-23,ray,thecut,night,forward,654.56,"night time recording, ",no gps,,
,,,v,,2026-05-22-14-42-57,bill,cuc.a,indoor,forward,711.06,,,,
,,,v,,2026-05-22-14-56-35,bill,cuc.a,indoor,lateral,577.45,,,,
,,,v,,2026-05-23-14-23-04,ayaan,scaife.1-stairs,indoor,forward,380.69,,"tsx-evtl.out  WARNING  sync          sequence count mismatch: 1 in t, 2","tsx-evtr.out  WARNING  sync          sequence count mismatch: 1 in t, 2",
,,,v,,2026-05-23-14-33-36,ayaan,scaife.1-stairs,indoor,lateral,338.41,,tsx-evtl.out  WARNING  sync          tick span mismatch between trigger,tsx-evtr.out  WARNING  sync          tick span mismatch between trigger,
,,,v,,2026-05-23-14-42-18,ayaan,scaife.1-stairs-4,indoor,backward,406.58,,tsx-evtr.out  WARNING  sync          tick span mismatch between trigger,,
,,,v,,2026-05-23-19-17-48,nicholas,tcs.1-2,indoor,forward,152.31,,,,
,,,v,,2026-05-23-19-24-17,nicholas,tcs.1-2,indoor,forward,217.54,,,,
,,,v,,2026-05-23-19-30-19,nicholas,tcs.1-2,indoor,backward,234.44,,,,
,,,v,,2026-05-23-19-43-53,nicholas,tcs.1-2,indoor,lateral,204.6,,,,
,,,v,,2026-05-23-19-55-43,nicholas,tcs.3-4,indoor,forward,290.4,,,,
,,,v,,2026-05-23-20-01-22,nicholas,tcs.3-4,indoor,backward,301.49,,,,
,,,v,,2026-05-23-20-14-08,nicholas,tcs.3-4,indoor,lateral,267.51,,,,
,,,v,,2026-05-24-13-01-48,ray,campus.east,outdoor,forward,1015.4,,no gps,tsx-evtl.out  WARNING  sync          tick span mismatch between trigger,tsx-evtr.out  WARNING  sync          tick span mismatch between trigger
,,,v,,2026-05-24-19-14-51,jihwan,tepper.1-3,indoor,lateral,815.37,,tsx-evtr.out  WARNING  sync          tick span mismatch between trigger,,
,,,v,,2026-05-24-19-30-27,jihwan,tepper.1-3,indoor,backward,830.29,,,,
,,,v,,2026-05-24-19-48-22,jihwan,tepper.4,indoor,lateral,205.95,,,,
,,,v,,2026-05-24-20-00-56,jihwan,tepper.4,indoor,backward,193.61,,,,
,,,v,,2026-05-24-20-06-15,jihwan,tepper.5,indoor,lateral,245.26,,,,
,,,v,,2026-05-24-20-11-36,jihwan,tepper.5,indoor,backward,197.73,,,,
,,,v,,2026-05-25-11-50-41,jihwan,craig,outdoor,forward,890.91,,tsx-evtl.out  WARNING  sync          tick span mismatch between trigger,tsx-evtr.out  WARNING  sync          tick span mismatch between trigger,
,,,v,,2026-05-25-12-08-27,jihwan,forbes,outdoor,forward,310.03,did not start and end at the same spot,tsx-evtl.out  WARNING  sync          tick span mismatch between trigger,tsx-evtr.out  WARNING  sync          tick span mismatch between trigger,
,,,v,,2026-05-25-12-20-25,jihwan,highmark,indoor,forward,454.25,,tsx-evtl.out  WARNING  sync          tick span mismatch between trigger,"tsx-evtr.out  WARNING  sync          sequence count mismatch: 1 in t, 2",
,,,v,,2026-05-25-12-30-14,jihwan,campus.highmark-ghc,outdoor,forward,266.13,did not start and end at the same spot,tsx-evtl.out  WARNING  sync          tick span mismatch between trigger,tsx-evtr.out  WARNING  sync          tick span mismatch between trigger,
,,,v,,2026-05-25-12-38-31,jihwan,ghc.9,indoor,forward,207.63,,,,
,,,v,,2026-05-25-12-42-55,jihwan,ghc.9,indoor,lateral,205.47,,,,
,,,v,,2026-05-25-12-49-35,jihwan,ghc.9,indoor,backward,225.96,,,,
,,,v,,2026-05-25-13-49-48,wasmir,doherty.a1,indoor,forward,333.55,,tsx-evtl.out  WARNING  sync          tick span mismatch between trigger,,
,,,v,,2026-05-25-13-57-50,wasmir,doherty.a1,indoor,backward,404.13,,,,
,,,v,,2026-05-25-14-16-14,wasmir,doherty.a1,indoor,lateral,417.9,,,,
,,,v,,2026-05-25-14-58-32,bill,track,outdoor,forward,392.85,,tsx-evtl.out  WARNING  sync          tick span mismatch between trigger,tsx-evtr.out  WARNING  sync          tick span mismatch between trigger,
,,,v,,2026-05-25-15-24-51,bill,track.bleacher,outdoor,forward,152.95,,"tsx-evtl.out  WARNING  sync          sequence count mismatch: 1 in t, 2",tsx-evtr.out  WARNING  sync          tick span mismatch between trigger,lidar drop
,,,v,,2026-05-25-15-38-57,bill,garage.1-4,mixed,forward,1616.41,,"tsx-evtr.out  WARNING  sync          sequence count mismatch: 1 in t, 2",,
,,,v,,2026-05-25-16-14-42,bill,cuc.1,indoor,forward,494.67,,,,